{
  "id": "4976313",
  "name": "milkup",
  "font_family": "iconfont",
  "css_prefix_text": "icon-",
  "description": "",
  "glyphs": [
    {
      "icon_id": "13519383",
      "name": "edit",
      "font_class": "edit",
      "unicode": "e651",
      "unicode_decimal": 58961
    },
    {
      "icon_id": "13519384",
      "name": "download",
      "font_class": "download",
      "unicode": "e652",
      "unicode_decimal": 58962
    },
    {
      "icon_id": "13519530",
      "name": "plus",
      "font_class": "plus",
      "unicode": "e672",
      "unicode_decimal": 58994
    },
    {
      "icon_id": "25532195",
      "name": "List-outlined",
      "font_class": "List-outlined",
      "unicode": "e6ea",
      "unicode_decimal": 59114
    },
    {
      "icon_id": "42575459",
      "name": "config-props",
      "font_class": "config-props",
      "unicode": "e64f",
      "unicode_decimal": 58959
    },
    {
      "icon_id": "6010916",
      "name": "保存",
      "font_class": "baocun",
      "unicode": "e612",
      "unicode_decimal": 58898
    },
    {
      "icon_id": "42575409",
      "name": "input",
      "font_class": "input",
      "unicode": "e648",
      "unicode_decimal": 58952
    },
    {
      "icon_id": "42575513",
      "name": "script",
      "font_class": "script",
      "unicode": "e656",
      "unicode_decimal": 58966
    },
    {
      "icon_id": "44219855",
      "name": "data-select",
      "font_class": "data-select",
      "unicode": "e66b",
      "unicode_decimal": 58987
    },
    {
      "icon_id": "44223737",
      "name": "markdown",
      "font_class": "markdown",
      "unicode": "e66c",
      "unicode_decimal": 58988
    },
    {
      "icon_id": "8760187",
      "name": "github",
      "font_class": "github",
      "unicode": "e64c",
      "unicode_decimal": 58956
    },
    {
      "icon_id": "44930630",
      "name": "milkup",
      "font_class": "logo",
      "unicode": "e600",
      "unicode_decimal": 58880
    },
    {
      "icon_id": "1299762",
      "name": "min",
      "font_class": "min",
      "unicode": "e65a",
      "unicode_decimal": 58970
    },
    {
      "icon_id": "4880431",
      "name": "close",
      "font_class": "close",
      "unicode": "e609",
      "unicode_decimal": 58889
    },
    {
      "icon_id": "28410459",
      "name": "max",
      "font_class": "max",
      "unicode": "e65b",
      "unicode_decimal": 58971
    },
    {
      "icon_id": "28410464",
      "name": "normal",
      "font_class": "normal",
      "unicode": "e65c",
      "unicode_decimal": 58972
    }
  ]
}
